epoch,gpucomputetime_ms
0,5.0575361251831055
0,3.396768093109131
0,4.067455768585205
0,8.423775672912598
0,3.543936014175415
0,3.3737919330596924
0,3.361855983734131
0,3.3797760009765625
0,3.4984960556030273
0,3.4702401161193848
0,3.6073598861694336
0,3.645375967025757
0,3.9758400917053223
0,3.37062406539917
0,3.891040086746216
0,3.6730239391326904
0,3.439296007156372
0,3.8400959968566895
0,3.5937280654907227
0,3.3264000415802
0,3.932447910308838
0,3.3790719509124756
0,3.4647998809814453
0,3.2175040245056152
0,3.4493439197540283
0,3.4339840412139893
0,4.8348798751831055
0,7.275296211242676
0,3.693279981613159
0,3.3953280448913574
0,12.433343887329102
0,3.1221120357513428
0,6.784224033355713
0,3.3272640705108643
0,3.545056104660034
0,3.469088077545166
0,6.726975917816162
0,10.424703598022461
0,3.4216959476470947
0,7.006527900695801
0,23.432159423828125
0,3.378175973892212
0,8.065312385559082
0,11.522815704345703
0,5.836287975311279
0,14.789376258850098
0,3.284543991088867
0,3.28057599067688
0,4.1519999504089355
0,8.14902400970459
0,3.374687910079956
0,4.02188777923584
0,3.5248959064483643
0,3.4517760276794434
0,3.105760097503662
0,3.391968011856079
0,3.3059520721435547
0,3.4345600605010986
0,3.3951361179351807
0,3.6320641040802
0,3.5151679515838623
0,10.28495979309082
0,3.3858559131622314
0,3.5313920974731445
0,3.356127977371216
0,3.378592014312744
0,9.671487808227539
0,3.5299201011657715
0,3.401792049407959
0,3.1640639305114746
0,3.2798399925231934
0,3.354559898376465
0,12.767328262329102
0,3.558271884918213
0,3.282975912094116
0,3.7781760692596436
0,3.2489280700683594
0,3.4054079055786133
0,3.34553599357605
0,3.140928030014038
0,3.309216022491455
0,3.2419838905334473
0,2.9700798988342285
0,3.712127923965454
0,4.512639999389648
0,3.64736008644104
0,3.2177278995513916
0,3.241215944290161
0,3.520319938659668
0,8.086784362792969
0,3.2825920581817627
0,3.349760055541992
0,3.4311039447784424
0,4.166687965393066
0,3.772128105163574
0,3.3811841011047363
0,3.430975914001465
0,3.6782400608062744
0,3.4051520824432373
0,3.4895360469818115
0,3.5900158882141113
0,3.491328001022339
0,3.316416025161743
0,3.396415948867798
0,3.3901119232177734
0,5.028319835662842
0,3.428960084915161
0,3.176287889480591
0,3.5369598865509033
0,4.9306559562683105
0,3.405280113220215
0,3.397088050842285
0,3.6269760131835938
0,3.3756160736083984
0,3.5977280139923096
0,3.330847978591919
0,4.770847797393799
0,3.374783992767334
0,3.54531192779541
0,3.4950079917907715
0,3.303647994995117
0,4.650271892547607
0,3.4300479888916016
0,3.4005119800567627
0,5.458911895751953
0,3.5257279872894287
0,11.333791732788086
0,3.4428160190582275
0,3.551680088043213
0,7.819136142730713
0,3.8353281021118164
0,3.4951679706573486
0,3.212831974029541
0,3.4641919136047363
0,3.2132480144500732
0,3.217024087905884
0,5.137760162353516
0,11.845248222351074
0,10.046463966369629
0,3.2931199073791504
0,8.793375968933105
0,3.220288038253784
0,9.153663635253906
0,10.926239967346191
0,3.3147199153900146
0,3.822240114212036
0,3.2872960567474365
0,3.650752067565918
0,3.8087360858917236
0,3.357759952545166
0,3.4087040424346924
0,3.259392023086548
0,3.3401598930358887
0,7.057055950164795
0,3.3210880756378174
0,3.5330560207366943
0,3.2272961139678955
0,3.51859188079834
0,3.033247947692871
0,3.5423998832702637
0,3.2989120483398438
0,3.705535888671875
0,3.4416959285736084
0,4.367008209228516
0,3.4165759086608887
0,7.9033918380737305
0,3.294624090194702
0,3.474976062774658
0,3.3622400760650635
0,5.2039361000061035
0,4.587200164794922
0,3.5047359466552734
0,3.4744319915771484
0,3.527616024017334
0,3.3208000659942627
0,3.5260159969329834
0,10.432127952575684
0,3.294559955596924
0,3.2966079711914062
0,3.9289278984069824
0,3.616096019744873
0,6.06496000289917
0,3.3529601097106934
0,3.3591361045837402
0,3.493760108947754
0,3.23417592048645
0,3.9332480430603027
0,3.1572799682617188
0,3.3638720512390137
0,4.041056156158447
0,8.991231918334961
0,3.833280086517334
0,3.477504014968872
0,3.4829440116882324
0,3.4639039039611816
0,3.6275200843811035
1,3.4240639209747314
1,3.5837440490722656
1,3.5287039279937744
1,3.833791971206665
1,3.4778239727020264
1,3.7488958835601807
1,4.087264060974121
1,7.138336181640625
1,3.236543893814087
1,3.789088010787964
1,2.9312961101531982
1,3.658143997192383
1,3.4360320568084717
1,3.7161600589752197
1,7.903808116912842
1,3.4259839057922363
1,3.499392032623291
1,3.52457594871521
1,3.7362558841705322
1,3.489664077758789
1,3.7545599937438965
1,3.5547521114349365
1,4.164703845977783
1,3.639647960662842
1,3.646048069000244
1,3.816512107849121
1,3.6277120113372803
1,3.472896099090576
1,3.4839038848876953
1,3.3646719455718994
1,3.344383955001831
1,3.7981441020965576
1,4.1829118728637695
1,3.25929594039917
1,8.769536018371582
1,11.39254379272461
1,8.937376022338867
1,3.3753280639648438
1,9.483360290527344
1,3.3503360748291016
1,17.284223556518555
1,3.5141119956970215
1,5.938720226287842
1,7.409664154052734
1,3.2704639434814453
1,9.614239692687988
1,3.3527679443359375
1,9.061280250549316
1,3.3514881134033203
1,3.3999040126800537
1,3.1414079666137695
1,3.4391679763793945
1,3.56329607963562
1,3.567392110824585
1,3.7650558948516846
1,3.5412158966064453
1,3.4300479888916016
1,3.303231954574585
1,6.5698561668396
1,3.45743989944458
1,3.464927911758423
1,3.323807954788208
1,3.131200075149536
1,9.009023666381836
1,3.758944034576416
1,3.399456024169922
1,3.2720000743865967
1,5.375455856323242
1,3.6401920318603516
1,3.7072958946228027
1,3.3311359882354736
1,3.572416067123413
1,3.3544321060180664
1,10.52131175994873
1,3.1279358863830566
1,3.53273606300354
1,3.4130239486694336
1,3.5363519191741943
1,3.375744104385376
1,3.152735948562622
1,3.4149439334869385
1,3.822335958480835
1,3.411263942718506
1,3.3775360584259033
1,3.59500789642334
1,3.7862401008605957
1,4.902624130249023
1,3.381983995437622
1,11.40719985961914
1,3.100735902786255
1,3.171583890914917
1,3.32588791847229
1,3.224384069442749
1,3.0216000080108643
1,3.351423978805542
1,3.309664011001587
1,3.3096320629119873
1,3.756319999694824
1,3.2816638946533203
1,3.5160961151123047
1,3.747328042984009
1,3.5560319423675537
1,3.5424320697784424
1,3.3707520961761475
1,3.7478721141815186
1,4.487584114074707
1,2.976032018661499
1,3.7992639541625977
1,3.1771199703216553
1,11.657024383544922
1,3.6654720306396484
1,3.743328094482422
1,3.507040023803711
1,3.3775041103363037
1,3.493056058883667
1,3.166624069213867
1,9.811936378479004
1,3.290112018585205
1,3.356096029281616
1,3.6480319499969482
1,4.062592029571533
1,3.3594560623168945
1,3.5672640800476074
1,7.730112075805664
1,3.61955189704895
1,3.253920078277588
1,3.446079969406128
1,12.252063751220703
1,3.4083199501037598
1,10.559552192687988
1,3.2287681102752686
1,4.742591857910156
1,15.096863746643066
1,5.380127906799316
1,10.294591903686523
1,27.70470428466797
1,22.724607467651367
1,3.2286078929901123
1,10.620736122131348
1,5.2887678146362305
1,3.16265606880188
1,11.454208374023438
1,3.2442240715026855
1,4.021279811859131
1,3.723871946334839
1,3.2081921100616455
1,3.4785919189453125
1,3.402400016784668
1,3.2706239223480225
1,4.776991844177246
1,4.6214399337768555
1,3.464031934738159
1,3.3795199394226074
1,3.3459839820861816
1,3.4720640182495117
1,3.0991039276123047
1,3.1377921104431152
1,3.615839958190918
1,8.073504447937012
1,3.2780799865722656
1,3.420543909072876
1,3.234623908996582
1,3.3126399517059326
1,3.223583936691284
1,3.571295976638794
1,3.265791893005371
1,3.464672088623047
1,3.4647040367126465
1,3.4990720748901367
1,3.0972800254821777
1,3.702080011367798
1,3.0686399936676025
1,4.550303936004639
1,3.2576959133148193
1,5.843264102935791
1,4.843103885650635
1,3.1597440242767334
1,3.4552319049835205
1,3.5156478881835938
1,3.4303359985351562
1,3.3757760524749756
1,3.316416025161743
1,9.255104064941406
1,3.4915199279785156
1,3.6335039138793945
1,13.432064056396484
1,3.290976047515869
1,3.719520092010498
1,3.905888080596924
1,3.1776959896087646
1,3.4338879585266113
1,3.190176010131836
1,4.164000034332275
1,3.091968059539795
1,3.6219520568847656
1,2.4162559509277344
2,3.945568084716797
2,3.234015941619873
2,3.229952096939087
2,5.016287803649902
2,3.6184959411621094
2,3.2827839851379395
2,6.043583869934082
2,3.264575958251953
2,3.231679916381836
2,3.412031888961792
2,3.4381120204925537
2,3.6289920806884766
2,3.5938880443573
2,3.517535924911499
2,3.636064052581787
2,3.409600019454956
2,3.5369279384613037
2,3.067392110824585
2,4.353824138641357
2,3.4532480239868164
2,3.6512959003448486
2,3.2825920581817627
2,3.363071918487549
2,3.32096004486084
2,3.5304319858551025
2,3.7779200077056885
2,3.4206080436706543
2,4.203872203826904
2,3.292288064956665
2,10.645952224731445
2,8.953408241271973
2,10.580927848815918
2,9.661215782165527
2,14.560895919799805
2,7.70143985748291
2,9.8123197555542
2,3.196000099182129
2,3.2972159385681152
2,8.674304008483887
2,11.91158390045166
2,3.482016086578369
2,3.602911949157715
2,3.6982080936431885
2,7.987328052520752
2,3.2792000770568848
2,6.603744029998779
2,3.2962241172790527
2,3.504256010055542
2,3.713376045227051
2,3.434175968170166
2,4.277376174926758
2,3.5099520683288574
2,3.3937599658966064
2,3.3227200508117676
2,3.3775999546051025
2,4.025023937225342
2,3.282047986984253
2,3.587167978286743
2,3.3226239681243896
2,3.3733439445495605
2,3.5527360439300537
2,3.503135919570923
2,3.606816053390503
2,3.5002241134643555
2,4.105343818664551
2,3.832767963409424
2,3.8333120346069336
2,4.868800163269043
2,3.4510719776153564
2,3.29913592338562
2,3.3084800243377686
2,3.4923839569091797
2,3.2768640518188477
2,3.624255895614624
2,3.579807996749878
2,3.2543039321899414
2,3.230463981628418
2,4.394303798675537
2,3.4951040744781494
2,3.4355199337005615
2,3.4362239837646484
2,5.2123517990112305
2,3.8172481060028076
2,3.3812479972839355
2,3.3731839656829834
2,3.3091518878936768
2,3.921855926513672
2,3.372767925262451
2,3.440000057220459
2,3.3996798992156982
2,3.278143882751465
2,3.3828799724578857
2,3.8263039588928223
2,9.760255813598633
2,3.455519914627075
2,3.3847999572753906
2,3.8612799644470215
2,3.5169599056243896
2,3.3349759578704834
2,9.633567810058594
2,3.2683520317077637
2,3.685312032699585
2,3.9327359199523926
2,5.425983905792236
2,3.3010880947113037
2,3.2098560333251953
2,3.6805760860443115
2,3.8818559646606445
2,3.2678720951080322
2,3.2143359184265137
2,3.8120319843292236
2,3.3208000659942627
2,3.334559917449951
2,3.5470399856567383
2,4.22435188293457
2,8.664447784423828
2,3.3272640705108643
2,3.329375982284546
2,3.6638400554656982
2,3.2647359371185303
2,7.114016056060791
2,3.531615972518921
2,3.250943899154663
2,10.5032958984375
2,3.269184112548828
2,3.446239948272705
2,3.5978240966796875
2,3.714751958847046
2,21.871423721313477
2,6.9552001953125
2,15.524767875671387
2,9.890624046325684
2,10.793536186218262
2,3.4415359497070312
2,3.427743911743164
2,3.4308159351348877
2,10.334112167358398
2,3.663872003555298
2,10.387743949890137
2,12.168831825256348
2,5.638783931732178
2,3.493151903152466
2,10.02182388305664
2,9.93996810913086
2,3.5143039226531982
2,6.101664066314697
2,3.808288097381592
2,3.55401611328125
2,2.987839937210083
2,3.700511932373047
2,4.029439926147461
2,4.922560214996338
2,3.397599935531616
2,5.582272052764893
2,3.7476160526275635
2,10.45740795135498
2,3.404128074645996
2,4.116864204406738
2,3.665440082550049
2,3.3763840198516846
2,6.524127960205078
2,3.3874239921569824
2,3.4305920600891113
2,3.7382400035858154
2,3.3144640922546387
2,3.2496960163116455
2,3.506592035293579
2,3.3834879398345947
2,3.7695679664611816
2,3.683903932571411
2,3.5305280685424805
2,3.4499199390411377
2,3.565311908721924
2,3.350399971008301
2,8.394335746765137
2,3.6320960521698
2,6.389311790466309
2,3.1686720848083496
2,3.965696096420288
2,3.424191951751709
2,3.2422399520874023
2,3.284127950668335
2,3.457695960998535
2,3.5405759811401367
2,4.866176128387451
2,8.657759666442871
2,3.3779520988464355
2,3.8367040157318115
2,3.886944055557251
2,3.2351040840148926
2,3.4381120204925537
2,3.5044798851013184
2,3.556351900100708
2,3.402048110961914
2,3.4165759086608887
2,2.6709439754486084
3,3.335200071334839
3,3.676255941390991
3,3.8288960456848145
3,12.760704040527344
3,3.5403521060943604
3,3.6363840103149414
3,4.163296222686768
3,3.4766080379486084
3,3.4375040531158447
3,3.5188798904418945
3,5.3744001388549805
3,12.389439582824707
3,3.2810239791870117
3,3.469856023788452
3,3.897088050842285
3,3.2889280319213867
3,3.264512062072754
3,4.785984039306641
3,3.948512077331543
3,3.9923200607299805
3,3.565279960632324
3,3.5604159832000732
3,3.634399890899658
3,3.7403199672698975
3,3.197535991668701
3,3.3426880836486816
3,4.9232001304626465
3,3.0424320697784424
3,10.6112642288208
3,4.478752136230469
3,3.460736036300659
3,3.361248016357422
3,3.4849600791931152
3,9.802080154418945
3,3.4325759410858154
3,7.030335903167725
3,3.823904037475586
3,22.283199310302734
3,3.403359889984131
3,5.239264011383057
3,3.4467520713806152
3,5.467328071594238
3,7.116672039031982
3,8.770912170410156
3,4.256576061248779
3,3.711199998855591
3,3.4831039905548096
3,3.3664638996124268
3,10.761887550354004
3,3.4169280529022217
3,2.9553279876708984
3,3.783360004425049
3,3.9566080570220947
3,3.3200318813323975
3,3.5327680110931396
3,3.968480110168457
3,3.331552028656006
3,11.421024322509766
3,3.155616044998169
3,3.3892159461975098
3,3.5551040172576904
3,4.380447864532471
3,3.841279983520508
3,3.3479039669036865
3,4.0293121337890625
3,10.915007591247559
3,3.348383903503418
3,3.2896320819854736
3,3.368191957473755
3,5.048384189605713
3,3.3401598930358887
3,3.4785280227661133
3,3.728480100631714
3,3.7770559787750244
3,3.481247901916504
3,3.433311939239502
3,3.314591884613037
3,3.4776320457458496
3,3.3532159328460693
3,3.3411519527435303
3,3.2631359100341797
3,3.8869121074676514
3,3.3076798915863037
3,3.364799976348877
3,3.4678080081939697
3,6.610400199890137
3,3.6188158988952637
3,10.833536148071289
3,3.7211201190948486
3,4.534719944000244
3,3.5395519733428955
3,10.397695541381836
3,3.6774399280548096
3,3.729088068008423
3,6.567903995513916
3,3.4407360553741455
3,3.2065279483795166
3,12.766240119934082
3,3.449728012084961
3,3.475519895553589
3,3.5542080402374268
3,3.4662399291992188
3,3.512768030166626
3,6.135168075561523
3,3.405184030532837
3,3.6485118865966797
3,3.4428799152374268
3,3.2331840991973877
3,3.4639360904693604
3,3.326335906982422
3,3.6760640144348145
3,3.21561598777771
3,3.1661760807037354
3,13.041184425354004
3,3.5530240535736084
3,3.659712076187134
3,3.259455919265747
3,3.1923840045928955
3,4.141759872436523
3,7.116096019744873
3,3.334912061691284
3,11.983807563781738
3,10.883551597595215
3,3.3722240924835205
3,7.681407928466797
3,8.157631874084473
3,25.733760833740234
3,3.8104000091552734
3,3.466495990753174
3,9.948063850402832
3,9.644895553588867
3,3.554176092147827
3,3.3128321170806885
3,3.566335916519165
3,10.31827163696289
3,3.5255041122436523
3,4.038080215454102
3,3.386176109313965
3,3.279968023300171
3,4.772672176361084
3,3.658911943435669
3,3.116096019744873
3,3.6942079067230225
3,3.54915189743042
3,3.350303888320923
3,3.687743902206421
3,3.0148799419403076
3,2.971263885498047
3,3.6333439350128174
3,3.680448055267334
3,3.276927947998047
3,9.445055961608887
3,3.7506558895111084
3,3.359776020050049
3,3.402496099472046
3,4.134304046630859
3,3.412224054336548
3,3.516511917114258
3,3.3321919441223145
3,3.427839994430542
3,3.2919681072235107
3,3.50380802154541
3,3.439455986022949
3,3.387903928756714
3,4.811935901641846
3,3.6774721145629883
3,3.045504093170166
3,3.963360071182251
3,3.296992063522339
3,3.705087900161743
3,3.935839891433716
3,3.4840641021728516
3,3.606112003326416
3,3.4535999298095703
3,3.217952013015747
3,3.452768087387085
3,3.6067519187927246
3,3.541696071624756
3,4.857056140899658
3,3.2570879459381104
3,3.9821760654449463
3,5.469632148742676
3,3.6111040115356445
3,3.5492160320281982
3,3.0387520790100098
3,3.4488959312438965
3,3.837536096572876
3,3.686016082763672
3,3.326848030090332
3,3.5472640991210938
3,4.915872097015381
3,10.627519607543945
3,3.651360034942627
3,3.4569599628448486
3,6.417535781860352
3,2.5769600868225098
4,3.4749441146850586
4,3.26476788520813
4,3.523808002471924
4,5.520383834838867
4,2.987071990966797
4,3.178623914718628
4,3.589695930480957
4,5.611199855804443
4,4.292064189910889
4,3.414463996887207
4,3.3678081035614014
4,11.563551902770996
4,3.4754879474639893
4,3.59552001953125
4,3.1303679943084717
4,7.512351989746094
4,7.303232192993164
4,3.5694079399108887
4,3.7704639434814453
4,3.5337278842926025
4,7.852640151977539
4,5.281792163848877
4,10.4268798828125
4,10.768896102905273
4,9.384639739990234
4,8.627039909362793
4,4.835231781005859
4,10.704992294311523
4,3.4385600090026855
4,20.320863723754883
4,8.83193588256836
4,7.66099214553833
4,11.098976135253906
4,4.5359039306640625
4,8.839903831481934
4,4.049471855163574
4,4.132959842681885
4,7.453375816345215
4,11.73196792602539
4,3.7189760208129883
4,5.979936122894287
4,3.6295039653778076
4,3.40883207321167
4,4.774911880493164
4,3.0341761112213135
4,3.3651199340820312
4,3.3356480598449707
4,3.6234240531921387
4,3.8971199989318848
4,2.8545920848846436
4,3.4233920574188232
4,3.395711898803711
4,3.2055680751800537
4,3.1774721145629883
4,11.536640167236328
4,3.5181760787963867
4,3.5352001190185547
4,3.571135997772217
4,3.808288097381592
4,3.5053439140319824
4,3.306623935699463
4,3.7793920040130615
4,3.485568046569824
4,3.4608640670776367
4,3.7666239738464355
4,3.785792112350464
4,3.3819520473480225
4,3.7493441104888916
4,6.947999954223633
4,3.371903896331787
4,3.621664047241211
4,2.9711039066314697
4,3.461087942123413
4,3.4411840438842773
4,3.464576005935669
4,3.535520076751709
4,4.751232147216797
4,3.469856023788452
4,3.449280023574829
4,3.4626240730285645
4,3.6334080696105957
4,7.001311779022217
4,3.0159358978271484
4,14.846336364746094
4,3.4391679763793945
4,3.5095040798187256
4,3.257535934448242
4,3.525439977645874
4,3.6790719032287598
4,3.6885440349578857
4,4.5799360275268555
4,3.9484479427337646
4,3.5736639499664307
4,5.535615921020508
4,3.407263994216919
4,3.2409279346466064
4,3.3204801082611084
4,3.3890879154205322
4,3.694240093231201
4,3.250688076019287
4,4.54915189743042
4,3.506175994873047
4,3.336064100265503
4,3.4456000328063965
4,3.570496082305908
4,3.959359884262085
4,3.2163519859313965
4,3.9720959663391113
4,3.035327911376953
4,9.11075210571289
4,3.2802560329437256
4,3.229504108428955
4,5.393727779388428
4,4.206975936889648
4,4.969056129455566
4,10.642656326293945
4,24.383647918701172
4,3.435136079788208
4,10.323264122009277
4,3.412735939025879
4,7.587552070617676
4,3.3194239139556885
4,3.411936044692993
4,8.16256046295166
4,5.6814398765563965
4,4.3089599609375
4,3.3849599361419678
4,3.235167980194092
4,3.635040044784546
4,7.741631984710693
4,4.698239803314209
4,3.449728012084961
4,3.4227840900421143
4,4.35811185836792
4,3.256256103515625
4,3.6687679290771484
4,3.5972800254821777
4,4.349535942077637
4,2.864799976348877
4,3.82857608795166
4,3.302272081375122
4,3.2018558979034424
4,3.265023946762085
4,3.4010560512542725
4,3.019711971282959
4,3.95632004737854
4,3.372704029083252
4,3.7387518882751465
4,3.305408000946045
4,3.540544033050537
4,3.3893439769744873
4,3.4727039337158203
4,3.4586880207061768
4,7.098368167877197
4,6.056863784790039
4,3.3814079761505127
4,3.8155200481414795
4,3.452831983566284
4,3.3852479457855225
4,3.5895040035247803
4,5.032032012939453
4,3.5178239345550537
4,3.405791997909546
4,3.744800090789795
4,3.634399890899658
4,3.493504047393799
4,7.224063873291016
4,2.861920118331909
4,3.6400320529937744
4,3.4805119037628174
4,3.558527946472168
4,15.19331169128418
4,3.653536081314087
4,4.391647815704346
4,3.371648073196411
4,3.3442559242248535
4,4.682112216949463
4,3.709280014038086
4,3.595360040664673
4,3.591520071029663
4,3.351871967315674
4,3.4687678813934326
4,3.3945279121398926
4,3.612351894378662
4,3.6303040981292725
4,3.443392038345337
4,4.217408180236816
4,3.7294719219207764
4,3.3018240928649902
4,4.055263996124268
4,9.345184326171875
4,3.635967969894409
4,3.782464027404785
4,3.5703680515289307
4,3.406303882598877
4,2.7635200023651123
5,3.3043839931488037
5,3.5606400966644287
5,3.455296039581299
5,3.360352039337158
5,3.3928959369659424
5,3.3062078952789307
5,4.2263360023498535
5,4.855584144592285
5,3.339263916015625
5,7.173855781555176
5,4.717311859130859
5,5.741695880889893
5,7.561344146728516
5,6.668064117431641
5,11.678079605102539
5,5.767583847045898
5,14.368800163269043
5,3.772128105163574
5,8.813952445983887
5,4.968319892883301
5,4.804192066192627
5,6.780640125274658
5,8.003199577331543
5,3.604032039642334
5,3.518496036529541
5,3.4324800968170166
5,3.631648063659668
5,3.290303945541382
5,3.785792112350464
5,3.4963839054107666
5,3.672447919845581
5,3.442944049835205
5,3.5806078910827637
5,3.094719886779785
5,3.3294079303741455
5,3.4062719345092773
5,4.680448055267334
5,4.359263896942139
5,3.775520086288452
5,3.4654080867767334
5,3.495039939880371
5,3.467103958129883
5,3.8728959560394287
5,3.5279359817504883
5,3.3669440746307373
5,12.896191596984863
5,3.504767894744873
5,3.624351978302002
5,4.814496040344238
5,5.282271862030029
5,3.46345591545105
5,3.382528066635132
5,3.5411839485168457
5,5.741568088531494
5,3.3144960403442383
5,3.3974719047546387
5,3.301759958267212
5,3.6853439807891846
5,2.9601919651031494
5,3.2197439670562744
5,2.9815680980682373
5,3.694495916366577
5,3.265984058380127
5,3.353951930999756
5,3.6901121139526367
5,3.6279358863830566
5,3.4797439575195312
5,3.629312038421631
5,3.302079916000366
5,3.4244799613952637
5,3.65500807762146
5,3.812191963195801
5,3.5384960174560547
5,4.378176212310791
5,3.868896007537842
5,3.934079885482788
5,11.493120193481445
5,5.42790412902832
5,3.507391929626465
5,3.4411840438842773
5,4.7948479652404785
5,4.077695846557617
5,3.2402560710906982
5,3.4802238941192627
5,3.4839038848876953
5,3.888256072998047
5,3.494175910949707
5,3.36844801902771
5,3.3214080333709717
5,3.3964478969573975
5,3.652384042739868
5,5.25110387802124
5,3.3262720108032227
5,4.383967876434326
5,3.290656089782715
5,3.6373119354248047
5,3.8004798889160156
5,3.30784010887146
5,3.7457919120788574
5,3.3210880756378174
5,10.054240226745605
5,10.785344123840332
5,3.418911933898926
5,6.892960071563721
5,6.841248035430908
5,5.211520195007324
5,3.445631980895996
5,8.958656311035156
5,4.181888103485107
5,7.476160049438477
5,3.3772480487823486
5,10.465696334838867
5,8.2957763671875
5,7.471072196960449
5,13.118911743164062
5,3.1733760833740234
5,4.407680034637451
5,3.4163520336151123
5,3.6842880249023438
5,3.643264055252075
5,3.624768018722534
5,3.334944009780884
5,3.604095935821533
5,3.625760078430176
5,3.226912021636963
5,3.5394558906555176
5,3.7248640060424805
5,3.472640037536621
5,3.2344961166381836
5,3.3897600173950195
5,3.26092791557312
5,3.3021440505981445
5,2.950144052505493
5,3.462656021118164
5,3.3699839115142822
5,5.982719898223877
5,9.679231643676758
5,3.619839906692505
5,3.5884480476379395
5,3.7015678882598877
5,5.821887969970703
5,4.58732795715332
5,3.321120023727417
5,3.258784055709839
5,3.7920639514923096
5,3.7749440670013428
5,3.402400016784668
5,3.54748797416687
5,3.9322879314422607
5,3.5943679809570312
5,3.942624092102051
5,3.344320058822632
5,3.4690239429473877
5,3.7270400524139404
5,3.8154239654541016
5,3.3935999870300293
5,3.2612481117248535
5,3.3732800483703613
5,3.322335958480835
5,3.304608106613159
5,3.888767957687378
5,3.361504077911377
5,3.4872639179229736
5,3.2067201137542725
5,3.576319932937622
5,3.516063928604126
5,3.9741759300231934
5,3.5018880367279053
5,3.548896074295044
5,3.777888059616089
5,3.676192045211792
5,2.9786880016326904
5,11.836576461791992
5,3.832479953765869
5,2.901535987854004
5,9.660799980163574
5,3.5129599571228027
5,3.566240072250366
5,4.4819841384887695
5,8.276032447814941
5,3.4625918865203857
5,3.663007974624634
5,4.4503679275512695
5,3.395807981491089
5,3.4105920791625977
5,3.4906558990478516
5,3.669663906097412
5,3.414112091064453
5,3.3503360748291016
5,14.170720100402832
5,6.55782413482666
5,8.281023979187012
5,9.353023529052734
5,3.2635200023651123
5,8.693887710571289
5,2.7240960597991943
6,7.18179178237915
6,5.948031902313232
6,16.03443145751953
6,3.8451199531555176
6,6.8388800621032715
6,11.252191543579102
6,10.892319679260254
6,3.6933441162109375
6,3.3736960887908936
6,7.616415977478027
6,3.8766400814056396
6,3.1223039627075195
6,3.1524159908294678
6,6.791808128356934
6,3.328831911087036
6,3.393440008163452
6,4.995552062988281
6,3.4483840465545654
6,3.3350720405578613
6,4.253824234008789
6,3.6831679344177246
6,3.607680082321167
6,4.2066240310668945
6,3.4592959880828857
6,3.4337921142578125
6,3.4853439331054688
6,3.394495964050293
6,3.814591884613037
6,3.409791946411133
6,11.955904006958008
6,3.4609599113464355
6,3.6320960521698
6,11.881631851196289
6,4.637728214263916
6,3.3305280208587646
6,3.1580159664154053
6,3.7062079906463623
6,3.9047040939331055
6,3.3543999195098877
6,3.4112319946289062
6,3.2878079414367676
6,3.159775972366333
6,3.629312038421631
6,3.5634241104125977
6,3.4925758838653564
6,4.164159774780273
6,3.541152000427246
6,13.371199607849121
6,3.7100160121917725
6,5.376704216003418
6,3.4139840602874756
6,3.695647954940796
6,3.588576078414917
6,3.332672119140625
6,3.5165441036224365
6,3.4039039611816406
6,3.262847900390625
6,3.35369610786438
6,3.632512092590332
6,10.845791816711426
6,3.516416072845459
6,11.05577564239502
6,3.386336088180542
6,3.367392063140869
6,3.2927680015563965
6,3.711168050765991
6,3.3095040321350098
6,3.299583911895752
6,3.369823932647705
6,6.337920188903809
6,5.870975971221924
6,3.183487892150879
6,2.882240056991577
6,3.773279905319214
6,10.987263679504395
6,11.560383796691895
6,3.2971839904785156
6,2.9291200637817383
6,3.4703359603881836
6,3.5383360385894775
6,11.423135757446289
6,3.4797120094299316
6,4.925600051879883
6,3.4952640533447266
6,3.6005759239196777
6,15.995552062988281
6,3.709439992904663
6,4.169312000274658
6,4.869952201843262
6,9.032256126403809
6,11.072928428649902
6,10.534463882446289
6,3.313920021057129
6,7.14031982421875
6,11.240832328796387
6,8.833344459533691
6,9.082112312316895
6,12.695967674255371
6,10.067359924316406
6,6.640416145324707
6,9.410240173339844
6,11.346336364746094
6,4.880415916442871
6,6.264063835144043
6,3.453216075897217
6,4.133408069610596
6,3.4675519466400146
6,6.10262393951416
6,3.4433279037475586
6,3.706592082977295
6,3.8201279640197754
6,3.2079360485076904
6,3.3143680095672607
6,3.7003519535064697
6,3.983423948287964
6,3.5023040771484375
6,3.525439977645874
6,3.524991989135742
6,3.6818559169769287
6,3.259615898132324
6,3.3755199909210205
6,8.176959991455078
6,3.501312017440796
6,3.2732160091400146
6,20.921215057373047
6,3.253472089767456
6,3.7406721115112305
6,4.782048225402832
6,4.523039817810059
6,3.851072072982788
6,3.3917760848999023
6,3.70633602142334
6,3.6244161128997803
6,4.39027214050293
6,3.535327911376953
6,3.656575918197632
6,3.430720090866089
6,12.363712310791016
6,3.3543360233306885
6,3.650752067565918
6,2.882751941680908
6,3.4016640186309814
6,3.7978880405426025
6,3.7272000312805176
6,3.8521599769592285
6,3.4191999435424805
6,8.171392440795898
6,3.5320959091186523
6,3.279360055923462
6,3.571903944015503
6,3.465951919555664
6,4.2014079093933105
6,3.8340799808502197
6,3.026144027709961
6,4.074143886566162
6,4.186367988586426
6,3.33187198638916
6,4.928832054138184
6,3.519263982772827
6,3.566335916519165
6,4.94649600982666
6,3.602400064468384
6,8.523232460021973
6,3.445535898208618
6,3.9285759925842285
6,3.658112049102783
6,3.5929598808288574
6,3.595263957977295
6,3.2768959999084473
6,3.4052159786224365
6,3.532991886138916
6,3.4141759872436523
6,3.6401920318603516
6,11.68393611907959
6,3.528223991394043
6,10.219679832458496
6,3.3678081035614014
6,6.1775360107421875
6,3.3733439445495605
6,3.4819839000701904
6,7.360608100891113
6,9.817055702209473
6,8.7510404586792
6,7.4806718826293945
6,3.533535957336426
6,3.6688320636749268
6,3.195904016494751
6,3.8578879833221436
6,8.555264472961426
6,9.439776420593262
6,3.7984321117401123
6,3.3102080821990967
6,9.290271759033203
6,3.339008092880249
6,3.245055913925171
6,6.16864013671875
7,5.031231880187988
7,3.3213119506835938
7,3.9688639640808105
7,3.8680639266967773
7,3.5383360385894775
7,3.0891199111938477
7,3.294816017150879
7,3.4454400539398193
7,3.7261440753936768
7,5.017663955688477
7,3.9400320053100586
7,3.282912015914917
7,3.298880100250244
7,3.8130879402160645
7,3.3595519065856934
7,4.951871871948242
7,3.3456640243530273
7,3.6367359161376953
7,3.420032024383545
7,4.168704032897949
7,8.614591598510742
7,3.4461119174957275
7,3.390144109725952
7,3.3568639755249023
7,4.868512153625488
7,3.3007678985595703
7,2.9588799476623535
7,3.4806079864501953
7,3.420703887939453
7,13.269632339477539
7,7.584928035736084
7,10.590368270874023
7,3.720223903656006
7,3.362783908843994
7,3.7539520263671875
7,3.7722880840301514
7,4.033504009246826
7,3.6713919639587402
7,3.540895938873291
7,3.4488959312438965
7,3.4854400157928467
7,3.6230719089508057
7,3.1793599128723145
7,3.842047929763794
7,3.763871908187866
7,3.6438400745391846
7,8.910016059875488
7,2.917504072189331
7,3.0012478828430176
7,3.3783040046691895
7,3.392927885055542
7,13.700608253479004
7,3.5734400749206543
7,3.2980480194091797
7,2.9884800910949707
7,5.104640007019043
7,3.5092480182647705
7,2.9581758975982666
7,2.968287944793701
7,4.502848148345947
7,6.61356782913208
7,3.7277119159698486
7,3.3601279258728027
7,3.266432046890259
7,3.852031946182251
7,3.2915520668029785
7,3.4548799991607666
7,3.0257279872894287
7,3.5840001106262207
7,3.324064016342163
7,3.3763198852539062
7,3.639647960662842
7,3.874079942703247
7,3.1677119731903076
7,3.5691521167755127
7,3.101696014404297
7,4.16099214553833
7,10.16592025756836
7,7.713759899139404
7,17.698591232299805
7,9.639967918395996
7,4.6948161125183105
7,9.438912391662598
7,3.291680097579956
7,10.3755521774292
7,8.8024320602417
7,6.5161919593811035
7,3.3646719455718994
7,4.13702392578125
7,4.067967891693115
7,4.044896125793457
7,3.2820160388946533
7,3.219712018966675
7,3.2300479412078857
7,3.567552089691162
7,3.2199039459228516
7,4.343455791473389
7,7.165855884552002
7,3.6773760318756104
7,8.100607872009277
7,3.6344640254974365
7,11.949600219726562
7,3.38703989982605
7,3.2222399711608887
7,3.470815896987915
7,3.461184024810791
7,2.998176097869873
7,3.644767999649048
7,3.455456018447876
7,2.9360320568084717
7,3.4094080924987793
7,3.534463882446289
7,4.610176086425781
7,3.340672016143799
7,3.3121280670166016
7,3.5701119899749756
7,3.3555519580841064
7,6.310592174530029
7,3.253887891769409
7,3.41865611076355
7,3.319040060043335
7,3.1934399604797363
7,3.3499839305877686
7,3.3720319271087646
7,3.352895975112915
7,3.8599679470062256
7,3.4362881183624268
7,4.456992149353027
7,4.492767810821533
7,3.6386559009552
7,3.498591899871826
7,3.8293440341949463
7,8.710559844970703
7,3.3608319759368896
7,3.4776320457458496
7,3.9832959175109863
7,3.12608003616333
7,3.4760639667510986
7,3.2184319496154785
7,3.5077760219573975
7,3.9628798961639404
7,3.633023977279663
7,3.4818239212036133
7,3.376352071762085
7,6.662559986114502
7,3.779360055923462
7,3.3753600120544434
7,3.5315520763397217
7,3.604991912841797
7,3.0676159858703613
7,3.428256034851074
7,3.321376085281372
7,3.188960075378418
7,4.4170241355896
7,3.8028159141540527
7,3.421312093734741
7,3.5702080726623535
7,4.185760021209717
7,3.672032117843628
7,11.862848281860352
7,3.476896047592163
7,3.5718400478363037
7,3.4448959827423096
7,3.2984321117401123
7,3.5702080726623535
7,3.461184024810791
7,3.3813118934631348
7,3.367072105407715
7,3.325472116470337
7,3.027168035507202
7,3.1038079261779785
7,3.3942720890045166
7,3.756511926651001
7,11.31827163696289
7,5.0234880447387695
7,9.720928192138672
7,10.094367980957031
7,11.626272201538086
7,5.711999893188477
7,9.915264129638672
7,4.839136123657227
7,11.30297565460205
7,8.396896362304688
7,10.36451244354248
7,11.577823638916016
7,4.0000319480896
7,3.5037760734558105
7,3.6153600215911865
7,7.639488220214844
7,3.2481279373168945
7,3.446176052093506
7,3.531935930252075
7,3.4305920600891113
7,3.493920087814331
7,3.398560047149658
7,7.053952217102051
8,3.8767359256744385
8,4.129504203796387
8,3.476639986038208
8,3.2692160606384277
8,2.971359968185425
8,3.262336015701294
8,3.8959999084472656
8,3.4008960723876953
8,4.599071979522705
8,6.093984127044678
8,3.4280641078948975
8,8.884480476379395
8,4.6599040031433105
8,3.4141440391540527
8,7.729311943054199
8,3.102303981781006
8,3.8714559078216553
8,5.1414079666137695
8,3.220479965209961
8,3.7275519371032715
8,3.7208640575408936
8,3.748159885406494
8,3.711872100830078
8,4.733791828155518
8,3.396512031555176
8,4.035327911376953
8,3.526848077774048
8,3.371040105819702
8,3.6861119270324707
8,3.1295039653778076
8,3.2768959999084473
8,3.800287961959839
8,3.474720001220703
8,11.31174373626709
8,3.700927972793579
8,9.16476821899414
8,3.1886401176452637
8,3.4817280769348145
8,3.5490880012512207
8,3.334144115447998
8,3.5904319286346436
8,3.384063959121704
8,3.3995840549468994
8,3.4043519496917725
8,3.5242879390716553
8,3.200927972793579
8,8.99846363067627
8,3.1786880493164062
8,3.4719998836517334
8,3.9412479400634766
8,3.405087947845459
8,3.4678399562835693
8,3.4927680492401123
8,3.3726720809936523
8,4.112800121307373
8,4.568160057067871
8,3.348128080368042
8,3.195712089538574
8,3.5475521087646484
8,5.672959804534912
8,3.5252161026000977
8,3.6781439781188965
8,3.087104082107544
8,3.579871892929077
8,3.728895902633667
8,4.095839977264404
8,3.045151948928833
8,4.812511920928955
8,5.012639999389648
8,3.7070400714874268
8,5.766304016113281
8,8.939135551452637
8,8.116064071655273
8,8.194687843322754
8,10.221792221069336
8,3.1281280517578125
8,10.785856246948242
8,5.749919891357422
8,8.902336120605469
8,9.435327529907227
8,3.4260480403900146
8,3.185472011566162
8,3.60262393951416
8,3.3078079223632812
8,10.591487884521484
8,10.896896362304688
8,10.339584350585938
8,4.328800201416016
8,3.4664320945739746
8,3.384063959121704
8,3.348031997680664
8,3.0364480018615723
8,3.2947840690612793
8,4.4576640129089355
8,3.4916160106658936
8,8.259360313415527
8,3.4867520332336426
8,2.9630401134490967
8,5.058080196380615
8,3.458911895751953
8,3.1342720985412598
8,3.014431953430176
8,3.727679967880249
8,3.2279040813446045
8,3.2305281162261963
8,3.5699520111083984
8,3.5389440059661865
8,2.917088031768799
8,11.386528015136719
8,3.814591884613037
8,5.816927909851074
8,4.044159889221191
8,3.5836479663848877
8,3.462559938430786
8,12.801568031311035
8,3.571104049682617
8,3.4063360691070557
8,3.0123519897460938
8,3.348639965057373
8,3.4255359172821045
8,8.809184074401855
8,3.3602240085601807
8,3.622015953063965
8,3.468319892883301
8,3.5394880771636963
8,3.623744010925293
8,4.554272174835205
8,3.5046401023864746
8,3.6302080154418945
8,3.488895893096924
8,3.2915520668029785
8,3.4062719345092773
8,3.4162559509277344
8,3.722975969314575
8,3.4082560539245605
8,3.999135971069336
8,3.5549440383911133
8,3.468064069747925
8,3.4298880100250244
8,2.9938559532165527
8,5.648064136505127
8,8.365951538085938
8,3.182111978530884
8,3.4888319969177246
8,3.1051840782165527
8,3.294975996017456
8,3.70415997505188
8,3.3637120723724365
8,15.002847671508789
8,3.410399913787842
8,4.3463358879089355
8,3.6055359840393066
8,3.6401920318603516
8,3.538559913635254
8,3.4381120204925537
8,3.3855679035186768
8,3.3848960399627686
8,3.324863910675049
8,3.0097599029541016
8,4.0726399421691895
8,3.7359681129455566
8,3.706239938735962
8,3.380352020263672
8,8.28809642791748
8,3.466399908065796
8,10.20793628692627
8,3.2344319820404053
8,4.978655815124512
8,10.090432167053223
8,7.541632175445557
8,11.575072288513184
8,3.4889919757843018
8,9.030400276184082
8,12.867168426513672
8,11.186783790588379
8,13.008255958557129
8,3.4420158863067627
8,3.455359935760498
8,9.56828784942627
8,8.56380844116211
8,3.4238080978393555
8,3.123584032058716
8,9.11580753326416
8,5.362656116485596
8,3.108799934387207
8,3.5136640071868896
8,3.5938560962677
8,5.822015762329102
8,3.4552319049835205
8,3.4480319023132324
8,3.4067840576171875
8,3.547584056854248
8,3.353760004043579
8,4.424831867218018
8,3.428960084915161
8,3.0794239044189453
9,3.6036159992218018
9,3.8935039043426514
9,3.4372799396514893
9,4.4161601066589355
9,4.313600063323975
9,3.442847967147827
9,6.2674880027771
9,3.5351040363311768
9,7.599743843078613
9,3.439743995666504
9,3.6933441162109375
9,3.7636160850524902
9,3.548736095428467
9,3.398144006729126
9,3.417855978012085
9,3.5542399883270264
9,8.848832130432129
9,3.5170559883117676
9,4.225855827331543
9,3.5246400833129883
9,4.9496002197265625
9,3.2185919284820557
9,3.9407999515533447
9,3.3447039127349854
9,3.205024003982544
9,3.35152006149292
9,11.71884822845459
9,3.371040105819702
9,3.315295934677124
9,3.6462719440460205
9,6.822656154632568
9,3.42576003074646
9,3.507711887359619
9,3.3718080520629883
9,3.494112014770508
9,7.31987190246582
9,3.453216075897217
9,3.702143907546997
9,3.499392032623291
9,3.564768075942993
9,3.5717759132385254
9,3.903712034225464
9,3.4240000247955322
9,3.7207679748535156
9,6.135680198669434
9,7.273312091827393
9,3.4934399127960205
9,15.142848014831543
9,3.574847936630249
9,3.618272066116333
9,3.5568320751190186
9,3.3937599658966064
9,3.3475840091705322
9,3.3632960319519043
9,3.6302719116210938
9,3.6618239879608154
9,3.5610239505767822
9,9.357088088989258
9,8.769503593444824
9,3.2617599964141846
9,5.251999855041504
9,8.573023796081543
9,6.139071941375732
9,7.29852819442749
9,9.620736122131348
9,5.532832145690918
9,22.352832794189453
9,5.646304130554199
9,7.466847896575928
9,13.230175971984863
9,6.87007999420166
9,4.218751907348633
9,3.5837759971618652
9,3.3682239055633545
9,3.437664031982422
9,3.310431957244873
9,3.6472320556640625
9,3.177567958831787
9,3.772160053253174
9,13.756256103515625
9,6.991199970245361
9,3.33788800239563
9,3.616192102432251
9,3.937664031982422
9,10.775424003601074
9,3.552639961242676
9,3.5169920921325684
9,3.71996808052063
9,3.225663900375366
9,3.3699839115142822
9,3.4942400455474854
9,3.8189759254455566
9,4.335552215576172
9,3.2208640575408936
9,3.4527359008789062
9,3.4125120639801025
9,3.477695941925049
9,3.7666239738464355
9,8.59494400024414
9,3.5153279304504395
9,3.3708159923553467
9,3.9037439823150635
9,3.332319974899292
9,4.959551811218262
9,5.102240085601807
9,3.395456075668335
9,3.560447931289673
9,3.3547520637512207
9,3.4183359146118164
9,3.473855972290039
9,4.769599914550781
9,3.23305606842041
9,3.668544054031372
9,3.333120107650757
9,3.3760321140289307
9,3.4219839572906494
9,6.202239990234375
9,3.8710079193115234
9,3.4178879261016846
9,3.3647680282592773
9,5.053728103637695
9,4.273087978363037
9,3.7788479328155518
9,3.7115519046783447
9,7.186560153961182
9,3.2572479248046875
9,3.1816000938415527
9,3.5090880393981934
9,2.8902719020843506
9,3.2799999713897705
9,3.421567916870117
9,13.755488395690918
9,3.7319040298461914
9,10.63974380493164
9,4.830592155456543
9,3.5334079265594482
9,3.726815938949585
9,3.9097280502319336
9,3.7760961055755615
9,11.338848114013672
9,4.272672176361084
9,3.092927932739258
9,14.223423957824707
9,3.9561920166015625
9,9.043295860290527
9,3.286911964416504
9,3.6971518993377686
9,7.700128078460693
9,9.240768432617188
9,3.403968095779419
9,3.5764479637145996
9,3.2955520153045654
9,3.3198399543762207
9,3.5347840785980225
9,10.383199691772461
9,3.5850560665130615
9,4.637440204620361
9,3.522336006164551
9,21.78144073486328
9,3.2731521129608154
9,7.26585578918457
9,18.047199249267578
9,4.050911903381348
9,5.589759826660156
9,3.691904067993164
9,3.7200639247894287
9,5.500736236572266
9,3.4415359497070312
9,3.56112003326416
9,3.5183680057525635
9,3.648319959640503
9,3.216736078262329
9,3.585439920425415
9,3.4191360473632812
9,3.871936082839966
9,3.3432960510253906
9,12.519136428833008
9,3.3880960941314697
9,3.497920036315918
9,2.9522879123687744
9,3.3213119506835938
9,3.39302396774292
9,3.458656072616577
9,3.3684799671173096
9,3.4701759815216064
9,3.591104030609131
9,3.4925758838653564
9,3.4925119876861572
9,4.316448211669922
9,5.1328959465026855
9,3.848576068878174
9,3.35315203666687
9,3.455264091491699
9,10.098048210144043
9,3.518656015396118
9,2.718143939971924
10,3.4171841144561768
10,3.3995521068573
10,3.490528106689453
10,5.966432094573975
10,3.331199884414673
10,6.056672096252441
10,3.366111993789673
10,12.040639877319336
10,3.06713604927063
10,3.438591957092285
10,3.317023992538452
10,3.2615039348602295
10,3.2799999713897705
10,3.3647680282592773
10,3.5045759677886963
10,3.802720069885254
10,3.805727958679199
10,3.5445759296417236
10,4.074783802032471
10,3.460416078567505
10,3.185408115386963
10,3.933664083480835
10,3.4807679653167725
10,3.3940799236297607
10,3.4070401191711426
10,6.452127933502197
10,3.7601919174194336
10,3.437407970428467
10,3.3884479999542236
10,3.588992118835449
10,13.62713623046875
10,10.579423904418945
10,3.340224027633667
10,3.277343988418579
10,3.0738561153411865
10,3.506495952606201
10,3.2854719161987305
10,3.466559886932373
10,3.311903953552246
10,12.26956844329834
10,3.4408318996429443
10,3.7525439262390137
10,5.707776069641113
10,9.593024253845215
10,3.2046399116516113
10,6.858240127563477
10,3.2956159114837646
10,3.2676799297332764
10,3.261023998260498
10,7.398399829864502
10,4.846464157104492
10,8.487104415893555
10,10.403488159179688
10,6.975359916687012
10,3.228287935256958
10,9.666336059570312
10,3.3899199962615967
10,4.262239933013916
10,9.65555191040039
10,9.305215835571289
10,10.479040145874023
10,3.4127678871154785
10,3.370687961578369
10,2.892575979232788
10,3.6441919803619385
10,3.7360639572143555
10,3.2772159576416016
10,4.360896110534668
10,3.5097920894622803
10,3.539263963699341
10,3.499903917312622
10,3.1449599266052246
10,3.494431972503662
10,3.5357120037078857
10,3.552896022796631
10,3.41264009475708
10,3.2156479358673096
10,3.414047956466675
10,3.5369598865509033
10,3.4787518978118896
10,3.927743911743164
10,3.407423973083496
10,3.5644800662994385
10,3.7559680938720703
10,3.538048028945923
10,3.366624116897583
10,3.1169281005859375
10,9.835007667541504
10,8.57040023803711
10,3.4931840896606445
10,3.414207935333252
10,5.470367908477783
10,3.3337600231170654
10,3.676287889480591
10,3.6767680644989014
10,3.3930559158325195
10,3.746335983276367
10,3.4089601039886475
10,3.548448085784912
10,4.077695846557617
10,9.67859172821045
10,3.567840099334717
10,3.199104070663452
10,9.351648330688477
10,3.310015916824341
10,3.428704023361206
10,3.3623039722442627
10,3.7303359508514404
10,4.556416034698486
10,3.6828160285949707
10,3.977440118789673
10,3.1188158988952637
10,4.453792095184326
10,3.3008639812469482
10,3.2849600315093994
10,10.831616401672363
10,10.953632354736328
10,3.563551902770996
10,3.3620479106903076
10,3.2372798919677734
10,4.716671943664551
10,3.4581758975982666
10,3.993727922439575
10,3.447455883026123
10,3.491935968399048
10,3.6493120193481445
10,3.41811203956604
10,3.7989120483398438
10,3.446847915649414
10,3.4124159812927246
10,3.4821760654449463
10,7.130623817443848
10,3.9797439575195312
10,3.5294079780578613
10,3.633888006210327
10,7.642591953277588
10,3.38703989982605
10,3.1701760292053223
10,9.710463523864746
10,8.929535865783691
10,5.758975982666016
10,3.6966400146484375
10,7.716991901397705
10,10.91801643371582
10,3.340928077697754
10,9.570079803466797
10,8.56220817565918
10,6.778816223144531
10,11.231136322021484
10,14.150367736816406
10,3.8198719024658203
10,4.166560173034668
10,6.533408164978027
10,12.516351699829102
10,3.532320022583008
10,3.608128070831299
10,5.2475199699401855
10,3.6067841053009033
10,16.656543731689453
10,7.554719924926758
10,3.569216012954712
10,3.524832010269165
10,3.086944103240967
10,3.9228479862213135
10,3.539520025253296
10,3.6024320125579834
10,6.417407989501953
10,5.722367763519287
10,5.122432231903076
10,3.654304027557373
10,3.8222720623016357
10,3.266400098800659
10,3.3384640216827393
10,16.27065658569336
10,3.298784017562866
10,3.4869439601898193
10,3.5585598945617676
10,3.530303955078125
10,8.351776123046875
10,3.3199360370635986
10,3.253312110900879
10,3.678175926208496
10,3.3930881023406982
10,5.109951972961426
10,3.73417592048645
10,3.4590721130371094
10,3.529792070388794
10,3.221407890319824
10,3.282815933227539
10,3.39247989654541
10,3.3443520069122314
10,3.5790719985961914
10,3.246367931365967
10,4.261504173278809
10,3.2823679447174072
10,2.44598388671875
11,3.7747199535369873
11,3.6541759967803955
11,3.3559679985046387
11,3.3044159412384033
11,8.359328269958496
11,3.1328320503234863
11,3.56441593170166
11,3.6713600158691406
11,3.8499839305877686
11,3.987488031387329
11,3.545664072036743
11,3.708064079284668
11,3.2586560249328613
11,3.9303359985351562
11,3.550431966781616
11,3.4687039852142334
11,3.9054720401763916
11,3.4950079917907715
11,4.058976173400879
11,3.8113598823547363
11,3.463104009628296
11,3.493504047393799
11,5.363296031951904
11,3.4297919273376465
11,3.3769280910491943
11,3.6746559143066406
11,3.4297280311584473
11,11.148127555847168
11,5.921696186065674
11,3.1984639167785645
11,3.563040018081665
11,6.9561920166015625
11,3.2827839851379395
11,10.40982437133789
11,12.24284839630127
11,3.3630080223083496
11,9.99120044708252
11,3.50764799118042
11,13.396063804626465
11,8.282336235046387
11,10.457088470458984
11,5.978847980499268
11,9.051551818847656
11,9.539520263671875
11,3.267008066177368
11,15.612799644470215
11,3.4459519386291504
11,3.939232110977173
11,3.446336030960083
11,4.43836784362793
11,3.0789120197296143
11,3.780287981033325
11,3.4417920112609863
11,3.3420159816741943
11,3.576256036758423
11,5.280672073364258
11,3.729088068008423
11,11.169504165649414
11,12.362527847290039
11,3.34118390083313
11,4.513216018676758
11,3.502527952194214
11,3.531424045562744
11,3.5115199089050293
11,3.528127908706665
11,2.918623924255371
11,3.2975358963012695
11,3.686784029006958
11,4.031775951385498
11,3.380095958709717
11,3.4369280338287354
11,3.675136089324951
11,3.142656087875366
11,3.9217278957366943
11,4.052864074707031
11,5.535327911376953
11,3.426367998123169
11,3.962143898010254
11,2.9488320350646973
11,3.4348158836364746
11,3.7429440021514893
11,3.7666239738464355
11,3.7069759368896484
11,2.893343925476074
11,3.2879679203033447
11,3.531775951385498
11,3.777087926864624
11,3.7919681072235107
11,3.3060479164123535
11,2.966655969619751
11,3.431040048599243
11,3.51363205909729
11,3.4102399349212646
11,3.613823890686035
11,4.399263858795166
11,3.32425594329834
11,4.067872047424316
11,3.3578879833221436
11,3.562623977661133
11,6.927040100097656
11,3.6217920780181885
11,3.315648078918457
11,3.515872001647949
11,3.147200107574463
11,6.397151947021484
11,3.369407892227173
11,3.4659841060638428
11,3.5293118953704834
11,3.588320016860962
11,3.5593600273132324
11,3.2294399738311768
11,3.635711908340454
11,4.000576019287109
11,3.4515841007232666
11,3.3117759227752686
11,3.0016961097717285
11,9.253824234008789
11,3.341792106628418
11,6.532351970672607
11,7.715167999267578
11,3.730976104736328
11,4.994207859039307
11,3.3064959049224854
11,4.188511848449707
11,13.011743545532227
11,10.902527809143066
11,5.406367778778076
11,4.691679954528809
11,16.56924819946289
11,10.704768180847168
11,4.788095951080322
11,7.641823768615723
11,9.911392211914062
11,6.959231853485107
11,17.446367263793945
11,3.430272102355957
11,3.7968320846557617
11,17.935840606689453
11,3.3388800621032715
11,3.617311954498291
11,5.251552104949951
11,3.266495943069458
11,3.311552047729492
11,3.4656639099121094
11,3.584575891494751
11,4.511519908905029
11,3.56329607963562
11,3.540832042694092
11,3.5
11,3.4393599033355713
11,3.493056058883667
11,3.7628159523010254
11,3.8112640380859375
11,3.550175905227661
11,4.764351844787598
11,3.676032066345215
11,3.432800054550171
11,3.340640068054199
11,3.305471897125244
11,3.253216028213501
11,3.441472053527832
11,8.905983924865723
11,3.7438080310821533
11,3.3351359367370605
11,3.5953280925750732
11,3.3422720432281494
11,3.694495916366577
11,3.419680118560791
11,4.310527801513672
11,5.946847915649414
11,3.3282558917999268
11,4.808351993560791
11,3.817023992538452
11,3.8494720458984375
11,3.5591039657592773
11,3.759552001953125
11,3.6317760944366455
11,3.0054399967193604
11,3.71891188621521
11,3.3745920658111572
11,8.593024253845215
11,3.719775915145874
11,9.674400329589844
11,3.386591911315918
11,3.6791999340057373
11,3.470911979675293
11,3.4126720428466797
11,3.4713919162750244
11,3.366528034210205
11,5.1473917961120605
11,8.691200256347656
11,10.75062370300293
11,4.695839881896973
11,3.5402560234069824
11,3.4622719287872314
11,3.050112009048462
12,7.614816188812256
12,3.4645440578460693
12,3.3415040969848633
12,3.5055360794067383
12,3.4931840896606445
12,3.4824318885803223
12,3.3636159896850586
12,3.4185919761657715
12,4.208992004394531
12,3.2128639221191406
12,3.5521280765533447
12,9.069791793823242
12,8.174688339233398
12,9.659296035766602
12,5.553664207458496
12,3.4153599739074707
12,3.200511932373047
12,12.891679763793945
12,3.349855899810791
12,3.508255958557129
12,10.918496131896973
12,9.561856269836426
12,12.721792221069336
12,5.648384094238281
12,5.876255989074707
12,5.936160087585449
12,10.587743759155273
12,3.850656032562256
12,3.5200960636138916
12,4.865151882171631
12,3.6077120304107666
12,3.3832640647888184
12,3.877408027648926
12,3.1755199432373047
12,5.012479782104492
12,3.3056960105895996
12,3.5526719093322754
12,3.4389760494232178
12,9.02841567993164
12,4.60262393951416
12,12.638303756713867
12,3.386687994003296
12,3.415839910507202
12,3.5499839782714844
12,3.8403520584106445
12,3.2464959621429443
12,3.7344961166381836
12,3.3506879806518555
12,3.031327962875366
12,2.920639991760254
12,3.7587521076202393
12,3.6367359161376953
12,3.7309439182281494
12,3.4152960777282715
12,3.3696320056915283
12,3.442528009414673
12,4.280896186828613
12,3.386431932449341
12,10.548543930053711
12,7.6511359214782715
12,3.474047899246216
12,3.234879970550537
12,8.820735931396484
12,3.57206392288208
12,3.9400320053100586
12,3.5146241188049316
12,8.655967712402344
12,3.416800022125244
12,3.266335964202881
12,6.825664043426514
12,3.066848039627075
12,3.452320098876953
12,3.733407974243164
12,3.4090559482574463
12,3.4499518871307373
12,3.4994559288024902
12,3.547231912612915
12,3.3170878887176514
12,3.433727979660034
12,3.6064000129699707
12,3.363071918487549
12,3.4296000003814697
12,3.58624005317688
12,3.357856035232544
12,14.586112022399902
12,3.392575979232788
12,10.509663581848145
12,3.418816089630127
12,3.5725760459899902
12,3.5289599895477295
12,18.17513656616211
12,3.4502079486846924
12,4.342591762542725
12,4.372096061706543
12,3.860640048980713
12,2.972320079803467
12,3.700416088104248
12,3.3137919902801514
12,3.5734400749206543
12,3.6440000534057617
12,3.291232109069824
12,8.803008079528809
12,11.32374382019043
12,5.112224102020264
12,7.602911949157715
12,3.5958399772644043
12,6.5979838371276855
12,3.4941439628601074
12,6.459360122680664
12,8.677727699279785
12,3.2793920040130615
12,4.712384223937988
12,3.56713604927063
12,9.96019172668457
12,4.971551895141602
12,3.676032066345215
12,3.16483211517334
12,3.544991970062256
12,3.6524479389190674
12,4.552576065063477
12,3.439039945602417
12,3.478048086166382
12,3.441567897796631
12,8.813504219055176
12,3.3739840984344482
12,4.76416015625
12,3.233599901199341
12,11.989760398864746
12,3.6011199951171875
12,3.4311680793762207
12,10.75318431854248
12,3.4445760250091553
12,3.3268799781799316
12,3.571647882461548
12,3.469183921813965
12,3.443552017211914
12,3.564192056655884
12,4.03004789352417
12,3.5970239639282227
12,16.32361602783203
12,3.3453121185302734
12,3.4933440685272217
12,3.3993918895721436
12,3.7962241172790527
12,6.786848068237305
12,3.3505280017852783
12,3.564703941345215
12,3.3241279125213623
12,3.3982720375061035
12,3.97273588180542
12,3.497215986251831
12,3.4334399700164795
12,3.783423900604248
12,3.4119040966033936
12,3.4104959964752197
12,3.555743932723999
12,3.6165759563446045
12,3.42140793800354
12,3.374624013900757
12,4.0668158531188965
12,3.6416640281677246
12,4.444831848144531
12,3.38918399810791
12,3.353440046310425
12,3.552095890045166
12,3.6706559658050537
12,4.353280067443848
12,3.700576066970825
12,3.306015968322754
12,3.9804160594940186
12,3.4832639694213867
12,3.368864059448242
12,3.9078400135040283
12,3.413248062133789
12,3.8882880210876465
12,3.693664073944092
12,3.4272959232330322
12,3.638079881668091
12,4.541408061981201
12,3.2582719326019287
12,3.468031883239746
12,3.6703360080718994
12,3.4293439388275146
12,3.3466238975524902
12,3.414560079574585
12,3.3907840251922607
12,3.5213119983673096
12,3.025279998779297
12,5.494912147521973
12,3.411871910095215
12,6.818431854248047
12,11.096480369567871
12,3.6317760944366455
12,3.604288101196289
12,3.3375680446624756
12,8.144384384155273
13,7.180160045623779
13,3.3365120887756348
13,6.974400043487549
13,9.18620777130127
13,7.552127838134766
13,3.2500159740448
13,27.620895385742188
13,10.298015594482422
13,10.319840431213379
13,5.550848007202148
13,3.867327928543091
13,4.551199913024902
13,3.349792003631592
13,9.943072319030762
13,3.4550719261169434
13,3.595360040664673
13,4.21724796295166
13,3.7325439453125
13,3.5252480506896973
13,3.2169599533081055
13,3.5094079971313477
13,3.3748159408569336
13,3.3249919414520264
13,3.6853439807891846
13,3.5625600814819336
13,3.3065600395202637
13,3.495487928390503
13,3.3384320735931396
13,3.434272050857544
13,3.640223979949951
13,3.0432000160217285
13,5.481472015380859
13,3.507200002670288
13,3.4438400268554688
13,4.0069122314453125
13,5.061728000640869
13,3.409087896347046
13,3.2545599937438965
13,3.7854719161987305
13,9.215231895446777
13,5.2763519287109375
13,3.304896116256714
13,3.981055974960327
13,3.4800000190734863
13,3.510175943374634
13,10.67142391204834
13,3.329792022705078
13,3.37609601020813
13,3.471712112426758
13,4.2817277908325195
13,3.542304039001465
13,4.951712131500244
13,3.406496047973633
13,6.8957438468933105
13,10.21564769744873
13,3.3353919982910156
13,3.7390079498291016
13,3.991039991378784
13,3.024384021759033
13,5.142528057098389
13,3.552992105484009
13,3.02239990234375
13,3.260672092437744
13,7.278016090393066
13,3.5101120471954346
13,12.329824447631836
13,3.4945919513702393
13,3.4066879749298096
13,3.361952066421509
13,3.5362560749053955
13,3.4837119579315186
13,3.6224958896636963
13,3.9548161029815674
13,4.4167680740356445
13,7.7144317626953125
13,11.673248291015625
13,3.190687894821167
13,3.3085761070251465
13,3.6038079261779785
13,3.082751989364624
13,3.510495901107788
13,7.137440204620361
13,4.240416049957275
13,7.486591815948486
13,5.452095985412598
13,3.2307519912719727
13,3.349600076675415
13,3.3946878910064697
13,3.716736078262329
13,3.249056100845337
13,3.2913599014282227
13,3.1677439212799072
13,10.213343620300293
13,9.089887619018555
13,25.691904067993164
13,3.779007911682129
13,5.229407787322998
13,8.74988842010498
13,9.6976957321167
13,3.7520320415496826
13,3.3541760444641113
13,3.387648105621338
13,10.484543800354004
13,3.590496063232422
13,4.593408107757568
13,4.394752025604248
13,5.6484479904174805
13,3.652928113937378
13,3.7425599098205566
13,3.4112958908081055
13,3.231935977935791
13,3.5161280632019043
13,3.384927988052368
13,3.9890239238739014
13,3.617856025695801
13,4.094175815582275
13,3.434079885482788
13,6.695263862609863
13,3.47760009765625
13,3.4804160594940186
13,3.442944049835205
13,3.8535358905792236
13,3.637471914291382
13,3.583967924118042
13,5.515423774719238
13,3.268320083618164
13,3.2330880165100098
13,3.3473920822143555
13,3.435136079788208
13,8.287391662597656
13,4.256864070892334
13,3.1532158851623535
13,3.3241920471191406
13,3.182528018951416
13,3.3380160331726074
13,3.4781439304351807
13,11.252767562866211
13,13.956095695495605
13,3.336479902267456
13,4.097280025482178
13,3.3759679794311523
13,3.2376320362091064
13,3.463167905807495
13,3.4233920574188232
13,3.538111925125122
13,3.5118720531463623
13,3.7238399982452393
13,3.486112117767334
13,4.067039966583252
13,3.498528003692627
13,5.233952045440674
13,5.61952018737793
13,3.5087358951568604
13,3.464224100112915
13,3.2982399463653564
13,11.266816139221191
13,15.014080047607422
13,3.492192029953003
13,3.3161280155181885
13,3.277791976928711
13,3.4236481189727783
13,6.152671813964844
13,3.2587199211120605
13,3.367487907409668
13,3.6167359352111816
13,7.395808219909668
13,3.395807981491089
13,3.272128105163574
13,4.781311988830566
13,3.468287944793701
13,3.3189759254455566
13,4.1938557624816895
13,11.641119956970215
13,3.5219199657440186
13,9.831808090209961
13,5.847519874572754
13,3.286815881729126
13,3.5812480449676514
13,3.432255983352661
13,3.299776077270508
13,3.0634560585021973
13,9.322431564331055
13,3.301919937133789
13,3.520512104034424
13,4.089568138122559
13,11.31167984008789
13,6.301472187042236
13,3.614367961883545
13,3.616640090942383
13,9.455583572387695
13,3.7031359672546387
13,3.416383981704712
13,4.3757758140563965
13,3.3011839389801025
13,3.699712038040161
13,2.5409278869628906
14,3.612607955932617
14,3.401024103164673
14,3.3415040969848633
14,3.651808023452759
14,2.9032320976257324
14,3.278752088546753
14,3.2095680236816406
14,3.520672082901001
14,3.1488640308380127
14,3.46230411529541
14,3.6142399311065674
14,3.407615900039673
14,3.387808084487915
14,3.321824073791504
14,3.4866559505462646
14,3.4667201042175293
14,3.4825279712677
14,3.779423952102661
14,3.5949759483337402
14,3.714303970336914
14,3.4757120609283447
14,3.466815948486328
14,3.5822720527648926
14,3.7246720790863037
14,3.6385281085968018
14,3.451040029525757
14,5.520576000213623
14,3.4518399238586426
14,6.40396785736084
14,4.032415866851807
14,3.059328079223633
14,10.758784294128418
14,3.9630720615386963
14,3.6700479984283447
14,6.208735942840576
14,3.3794240951538086
14,4.59171199798584
14,3.4026880264282227
14,4.907328128814697
14,3.3771519660949707
14,3.416991949081421
14,7.727519989013672
14,3.4183359146118164
14,3.697472095489502
14,3.976896047592163
14,3.5051519870758057
14,3.3490560054779053
14,4.9266557693481445
14,3.3846399784088135
14,5.155871868133545
14,3.4283199310302734
14,4.668223857879639
14,3.1390719413757324
14,3.4879679679870605
14,3.4735679626464844
14,3.5512959957122803
14,7.763775825500488
14,3.7291200160980225
14,17.87126350402832
14,3.166879892349243
14,3.852447986602783
14,3.4930880069732666
14,16.7423038482666
14,5.673215866088867
14,6.243296146392822
14,3.3219199180603027
14,3.5786240100860596
14,9.008288383483887
14,3.3844480514526367
14,4.578656196594238
14,5.933216094970703
14,3.345344066619873
14,4.595808029174805
14,7.483424186706543
14,9.75596809387207
14,38.13452911376953
14,3.6328320503234863
14,28.278783798217773
14,3.2777600288391113
14,9.298272132873535
14,2.989311933517456
14,4.315040111541748
14,3.315392017364502
14,3.452672004699707
14,3.3108160495758057
14,3.5257279872894287
14,4.842495918273926
14,3.4147839546203613
14,5.215456008911133
14,5.150911808013916
14,11.367775917053223
14,3.5001919269561768
14,3.901279926300049
14,3.172192096710205
14,8.1561279296875
14,3.549344062805176
14,3.40995192527771
14,3.5137600898742676
14,3.5879359245300293
14,3.5905280113220215
14,15.153440475463867
14,7.656928062438965
14,3.476128101348877
14,3.6441280841827393
14,3.294111967086792
14,3.3354880809783936
14,3.299583911895752
14,3.9399359226226807
14,3.492255926132202
14,3.533792018890381
14,9.389280319213867
14,3.4832000732421875
14,3.4903359413146973
14,2.887392044067383
14,3.350399971008301
14,4.970367908477783
14,6.0186238288879395
14,3.38371205329895
14,3.7086400985717773
14,12.831839561462402
14,3.411423921585083
14,3.5806078910827637
14,9.040384292602539
14,3.7869439125061035
14,3.803071975708008
14,3.3586559295654297
14,3.073024034500122
14,3.534559965133667
14,3.4642879962921143
14,3.152384042739868
14,3.48089599609375
14,3.74070405960083
14,2.88044810295105
14,3.336031913757324
14,8.162367820739746
14,3.3114240169525146
14,3.4884159564971924
14,4.0193281173706055
14,3.7089920043945312
14,3.3644800186157227
14,3.4593279361724854
14,3.4845120906829834
14,3.415168046951294
14,3.0927679538726807
14,3.4894399642944336
14,3.4309439659118652
14,3.4239039421081543
14,3.3709120750427246
14,10.217215538024902
14,3.440608024597168
14,4.635072231292725
14,10.753952026367188
14,5.379839897155762
14,3.4362239837646484
14,3.407968044281006
14,3.248960018157959
14,5.368927955627441
14,7.02675199508667
14,7.895199775695801
14,3.3002560138702393
14,3.5396480560302734
14,14.285408020019531
14,3.482271909713745
14,5.525760173797607
14,7.429088115692139
14,7.650623798370361
14,9.060223579406738
14,2.9679040908813477
14,11.597248077392578
14,3.4061119556427
14,3.3622400760650635
14,3.3070080280303955
14,3.37990403175354
14,3.6026558876037598
14,3.141024112701416
14,3.5825281143188477
14,3.5894079208374023
14,3.4667201042175293
14,10.92908763885498
14,2.9554240703582764
14,6.427072048187256
14,3.316767930984497
14,3.4114880561828613
14,3.434943914413452
14,3.4371519088745117
14,3.952768087387085
14,4.223392009735107
14,3.299936056137085
14,8.918656349182129
14,3.6041600704193115
14,3.433056116104126
14,3.419487953186035
14,3.8488640785217285
14,3.7700159549713135
14,3.2056000232696533
14,2.877984046936035
15,3.5285120010375977
15,3.6446080207824707
15,3.7413759231567383
15,8.716511726379395
15,3.4369919300079346
15,7.885087966918945
15,3.4226560592651367
15,3.5324480533599854
15,3.067039966583252
15,3.4098880290985107
15,3.3176639080047607
15,3.743232011795044
15,4.7317118644714355
15,3.1983680725097656
15,7.614528179168701
15,3.2680320739746094
15,3.4420480728149414
15,3.3984639644622803
15,3.96016001701355
15,3.2985920906066895
15,7.308832168579102
15,3.1011199951171875
15,3.2881600856781006
15,3.5176000595092773
15,7.08355188369751
15,3.945888042449951
15,3.32806396484375
15,3.2404799461364746
15,6.89299201965332
15,15.630559921264648
15,6.899295806884766
15,4.250016212463379
15,3.5574400424957275
15,3.8060479164123535
15,3.2607998847961426
15,3.498176097869873
15,6.041024208068848
15,3.722399950027466
15,3.3491199016571045
15,3.6184959411621094
15,3.420639991760254
15,3.4071359634399414
15,10.825823783874512
15,15.409664154052734
15,7.6175360679626465
15,7.645503997802734
15,25.288415908813477
15,14.55504035949707
15,8.456671714782715
15,12.751296043395996
15,8.750271797180176
15,4.276031970977783
15,5.900447845458984
15,4.733823776245117
15,6.323967933654785
15,3.5518081188201904
15,3.4791998863220215
15,3.2824959754943848
15,6.429247856140137
15,3.520159959793091
15,3.99782395362854
15,10.258336067199707
15,3.4992001056671143
15,10.410304069519043
15,9.479968070983887
15,7.456863880157471
15,3.3155839443206787
15,3.3581759929656982
15,16.095104217529297
15,2.8979198932647705
15,5.8891520500183105
15,3.363584041595459
15,12.632543563842773
15,7.176896095275879
15,10.971424102783203
15,5.451935768127441
15,6.714816093444824
15,3.466495990753174
15,3.4014720916748047
15,3.4372799396514893
15,3.369503974914551
15,3.937119960784912
15,3.4954240322113037
15,3.6238720417022705
15,5.006624221801758
15,3.998431921005249
15,3.633984088897705
15,3.5396480560302734
15,3.6364800930023193
15,8.336352348327637
15,3.5300159454345703
15,3.48140811920166
15,3.4444479942321777
15,5.0887041091918945
15,3.8632960319519043
15,4.275296211242676
15,3.030240058898926
15,4.286240100860596
15,3.7841920852661133
15,8.538847923278809
15,3.442431926727295
15,4.5911359786987305
15,3.397599935531616
15,3.7241599559783936
15,3.3474879264831543
15,3.3775999546051025
15,3.4493119716644287
15,3.738624095916748
15,4.287680149078369
15,5.029888153076172
15,3.6101438999176025
15,3.5214719772338867
15,3.42793607711792
15,9.806431770324707
15,3.5991361141204834
15,3.512511968612671
15,3.2200961112976074
15,3.3445119857788086
15,3.6042239665985107
15,3.411423921585083
15,3.475071907043457
15,3.2920639514923096
15,3.0688319206237793
15,3.573535919189453
15,2.9944961071014404
15,3.350208044052124
15,10.323360443115234
15,4.644832134246826
15,8.114015579223633
15,4.397600173950195
15,3.3367679119110107
15,4.905663967132568
15,10.035807609558105
15,12.647871971130371
15,6.439743995666504
15,25.849023818969727
15,8.743680000305176
15,6.2645440101623535
15,8.940223693847656
15,6.128704071044922
15,8.044927597045898
15,14.450431823730469
15,10.16211223602295
15,7.302015781402588
15,3.532927989959717
15,3.2496960163116455
15,3.4471681118011475
15,3.551935911178589
15,17.0185604095459
15,3.6510720252990723
15,3.426719903945923
15,4.545152187347412
15,4.308800220489502
15,3.450752019882202
15,3.46012806892395
15,3.5189759731292725
15,3.783360004425049
15,3.3287041187286377
15,3.6513919830322266
15,3.4968960285186768
15,3.8962879180908203
15,3.4651200771331787
15,3.9121921062469482
15,3.0897600650787354
15,3.4870080947875977
15,9.998720169067383
15,3.721856117248535
15,3.463104009628296
15,4.085696220397949
15,3.5256640911102295
15,9.170687675476074
15,3.5490880012512207
15,3.52838397026062
15,7.625823974609375
15,11.098976135253906
15,3.6519999504089355
15,5.9330878257751465
15,3.3143999576568604
15,3.965951919555664
15,3.839359998703003
15,3.331264019012451
15,3.3982720375061035
15,3.5135679244995117
15,12.766207695007324
15,3.3860480785369873
15,5.815423965454102
15,3.6556479930877686
15,3.764672040939331
15,3.559583902359009
15,16.358943939208984
15,3.8934719562530518
15,4.418303966522217
15,3.4184319972991943
15,3.503232002258301
15,3.494175910949707
15,3.126944065093994
16,8.217984199523926
16,3.136672019958496
16,8.769856452941895
16,9.887328147888184
16,3.3883841037750244
16,3.45251202583313
16,3.251584053039551
16,3.3920319080352783
16,3.528736114501953
16,7.060128211975098
16,4.788288116455078
16,3.0943679809570312
16,11.501791954040527
16,3.4292800426483154
16,3.4223039150238037
16,6.6487040519714355
16,14.97372817993164
16,7.589536190032959
16,5.695456027984619
16,7.695775985717773
16,10.908448219299316
16,9.632255554199219
16,6.888576030731201
16,11.025279998779297
16,3.854720115661621
16,13.405344009399414
16,10.391231536865234
16,9.939167976379395
16,3.2198400497436523
16,8.80406379699707
16,3.2682559490203857
16,3.5293118953704834
16,4.093855857849121
16,10.140959739685059
16,3.4810879230499268
16,3.8920960426330566
16,4.227424144744873
16,3.572671890258789
16,3.8882880210876465
16,12.251199722290039
16,3.367487907409668
16,3.454495906829834
16,3.6026558876037598
16,4.626175880432129
16,3.3384320735931396
16,8.61241626739502
16,12.558943748474121
16,3.299391984939575
16,3.5854079723358154
16,3.7422080039978027
16,4.986048221588135
16,3.6050240993499756
16,3.8992319107055664
16,3.476799964904785
16,3.035072088241577
16,4.899968147277832
16,6.016608238220215
16,3.7098240852355957
16,10.852704048156738
16,3.48470401763916
16,3.6049280166625977
16,4.795711994171143
16,6.039648056030273
16,5.486400127410889
16,3.552351951599121
16,3.4236481189727783
16,3.673248052597046
16,10.49129581451416
16,3.5313920974731445
16,7.414271831512451
16,3.63753604888916
16,3.7999680042266846
16,7.98579216003418
16,3.455872058868408
16,3.4878718852996826
16,4.340159893035889
16,9.5763521194458
16,4.819647789001465
16,3.504703998565674
16,3.064863920211792
16,8.82528018951416
16,3.6341118812561035
16,3.326848030090332
16,3.5139200687408447
16,3.57423996925354
16,3.434112071990967
16,3.7695999145507812
16,3.3856959342956543
16,11.004063606262207
16,3.9923200607299805
16,3.3868799209594727
16,3.2579519748687744
16,3.4921278953552246
16,3.2692480087280273
16,3.3845760822296143
16,3.3534719944000244
16,3.463615894317627
16,3.4521920680999756
16,3.502784013748169
16,3.407263994216919
16,3.478208065032959
16,3.4078080654144287
16,3.4783999919891357
16,3.3748159408569336
16,3.614016056060791
16,8.895872116088867
16,11.4717435836792
16,3.3623359203338623
16,3.3840959072113037
16,3.110975980758667
16,11.81827163696289
16,4.419968128204346
16,3.317728042602539
16,3.407871961593628
16,5.366559982299805
16,9.56169605255127
16,8.828448295593262
16,3.4085121154785156
16,3.2729599475860596
16,7.272192001342773
16,8.034208297729492
16,3.368000030517578
16,3.48688006401062
16,3.461280107498169
16,3.3824961185455322
16,3.6785919666290283
16,3.7102720737457275
16,3.462496042251587
16,3.445024013519287
16,3.25711989402771
16,3.3995840549468994
16,4.540063858032227
16,2.91759991645813
16,3.478463888168335
16,3.4423999786376953
16,3.291680097579956
16,3.3679680824279785
16,3.34499192237854
16,3.515007972717285
16,3.7220799922943115
16,3.3222720623016357
16,3.4278080463409424
16,11.759424209594727
16,3.563040018081665
16,3.2762560844421387
16,3.516576051712036
16,3.4245119094848633
16,3.2368640899658203
16,3.3900160789489746
16,3.3744959831237793
16,3.35315203666687
16,3.111999988555908
16,3.197632074356079
16,3.9345920085906982
16,3.4735360145568848
16,4.003456115722656
16,3.879199981689453
16,3.277888059616089
16,3.198335886001587
16,3.320352077484131
16,3.2869439125061035
16,5.890655994415283
16,3.9715840816497803
16,3.953536033630371
16,3.007136106491089
16,3.552351951599121
16,4.496992111206055
16,13.571935653686523
16,3.453632116317749
16,3.3166399002075195
16,3.4714879989624023
16,3.3380799293518066
16,3.123584032058716
16,3.142751932144165
16,3.5715200901031494
16,3.1877760887145996
16,11.641440391540527
16,3.5752320289611816
16,3.5208001136779785
16,3.4757440090179443
16,3.785343885421753
16,8.097887992858887
16,3.4543039798736572
16,3.503551959991455
16,3.4330239295959473
16,7.074783802032471
16,2.8755838871002197
16,3.440671920776367
16,3.2483201026916504
16,6.99289608001709
16,5.82041597366333
16,3.1558399200439453
16,3.3595519065856934
16,5.900191783905029
16,9.771583557128906
16,9.699040412902832
17,9.736543655395508
17,11.840127944946289
17,4.333407878875732
17,3.9383039474487305
17,3.233855962753296
17,7.207327842712402
17,5.233759880065918
17,9.7326078414917
17,8.608672142028809
17,3.578399896621704
17,3.3913919925689697
17,3.449183940887451
17,3.965696096420288
17,3.343616008758545
17,3.8222720623016357
17,3.6477439403533936
17,15.887200355529785
17,3.649696111679077
17,13.084575653076172
17,3.328768014907837
17,3.7100160121917725
17,3.008064031600952
17,7.066143989562988
17,3.3100481033325195
17,3.5511999130249023
17,5.728672027587891
17,3.4531519412994385
17,3.3611199855804443
17,3.531519889831543
17,3.2829439640045166
17,3.385312080383301
17,3.7670719623565674
17,3.313632011413574
17,4.142943859100342
17,3.4197440147399902
17,4.288352012634277
17,17.075456619262695
17,3.4213759899139404
17,3.6870079040527344
17,4.629536151885986
17,3.9699840545654297
17,9.290592193603516
17,3.3632640838623047
17,4.386816024780273
17,4.1920318603515625
17,3.093280076980591
17,3.2606399059295654
17,3.353087902069092
17,8.35865592956543
17,3.8123199939727783
17,2.9582719802856445
17,3.2714240550994873
17,3.383136034011841
17,2.8968958854675293
17,3.415071964263916
17,3.6981759071350098
17,7.181759834289551
17,5.078464031219482
17,4.0306878089904785
17,4.037856101989746
17,5.733248233795166
17,4.163487911224365
17,3.4387199878692627
17,3.335455894470215
17,3.4762558937072754
17,3.4500160217285156
17,3.3467519283294678
17,5.967135906219482
17,3.4256319999694824
17,3.6508800983428955
17,4.342656135559082
17,9.624671936035156
17,3.6036479473114014
17,3.7759358882904053
17,3.4792640209198
17,3.0599679946899414
17,6.129183769226074
17,8.125151634216309
17,4.881760120391846
17,5.9020161628723145
17,4.312064170837402
17,9.82966423034668
17,11.054176330566406
17,5.518815994262695
17,3.9943039417266846
17,6.529632091522217
17,3.4711360931396484
17,3.553567886352539
17,3.1236801147460938
17,3.410655975341797
17,3.842816114425659
17,9.003744125366211
17,4.828735828399658
17,8.891679763793945
17,9.991104125976562
17,8.924351692199707
17,8.104127883911133
17,3.4506239891052246
17,3.400480031967163
17,3.272416114807129
17,3.559231996536255
17,3.2840640544891357
17,3.409087896347046
17,4.0016961097717285
17,3.3012800216674805
17,2.94598388671875
17,2.90499210357666
17,4.3170881271362305
17,13.31545639038086
17,6.924320220947266
17,9.016160011291504
17,3.367680072784424
17,3.386143922805786
17,3.1514880657196045
17,3.530400037765503
17,3.5925440788269043
17,3.3388800621032715
17,3.21779203414917
17,3.338304042816162
17,5.759520053863525
17,4.602848052978516
17,3.2319679260253906
17,3.2960000038146973
17,3.2535359859466553
17,3.40230393409729
17,3.7148799896240234
17,9.668767929077148
17,8.405471801757812
17,3.3474879264831543
17,3.246943950653076
17,3.6987199783325195
17,5.708640098571777
17,3.8430399894714355
17,3.6119680404663086
17,3.282111883163452
17,3.8633921146392822
17,4.173471927642822
17,2.9627199172973633
17,3.4724159240722656
17,12.824447631835938
17,3.4642879962921143
17,3.2860798835754395
17,4.244927883148193
17,3.5530240535736084
17,3.183583974838257
17,3.3663039207458496
17,3.3266239166259766
17,9.702943801879883
17,3.646591901779175
17,3.204576015472412
17,3.1688320636749268
17,3.322495937347412
17,12.886783599853516
17,4.105152130126953
17,3.2852799892425537
17,3.2993600368499756
17,6.104640007019043
17,3.2485759258270264
17,3.4704959392547607
17,3.3977599143981934
17,3.392416000366211
17,3.3605759143829346
17,3.3967039585113525
17,3.0285120010375977
17,3.592736005783081
17,3.259392023086548
17,6.027552127838135
17,7.308671951293945
17,9.015647888183594
17,7.932159900665283
17,3.3208000659942627
17,12.013728141784668
17,9.787551879882812
17,3.4572479724884033
17,4.459104061126709
17,9.868608474731445
17,10.70473575592041
17,12.096256256103516
17,9.89516830444336
17,9.025919914245605
17,10.39187240600586
17,7.77788782119751
17,10.405440330505371
17,3.643264055252075
17,3.455967903137207
17,3.812959909439087
17,3.6558079719543457
17,3.750080108642578
17,3.2122879028320312
17,4.761184215545654
17,5.120768070220947
17,3.415519952774048
17,3.6816320419311523
17,3.390687942504883
17,3.579967975616455
17,8.687647819519043
18,13.000896453857422
18,4.7674880027771
18,3.51475191116333
18,9.07158374786377
18,3.3443520069122314
18,4.111135959625244
18,3.423327922821045
18,3.6134719848632812
18,3.1686720848083496
18,3.6972479820251465
18,3.353951930999756
18,3.6127679347991943
18,3.314591884613037
18,3.402656078338623
18,3.3111679553985596
18,3.4471681118011475
18,3.166815996170044
18,3.2988479137420654
18,3.2367360591888428
18,3.382688045501709
18,3.6570239067077637
18,10.763232231140137
18,3.476576089859009
18,3.6271679401397705
18,9.280223846435547
18,3.355072021484375
18,3.492255926132202
18,3.5673599243164062
18,3.3795840740203857
18,3.0530240535736084
18,4.556896209716797
18,3.3432960510253906
18,3.432192087173462
18,3.3343679904937744
18,3.347775936126709
18,3.20249605178833
18,3.0731520652770996
18,3.5590078830718994
18,3.441472053527832
18,4.191936016082764
18,3.1519999504089355
18,3.40067195892334
18,3.1240320205688477
18,3.3239998817443848
18,9.680928230285645
18,3.1885759830474854
18,3.443039894104004
18,3.7383038997650146
18,3.3115200996398926
18,3.941728115081787
18,3.170527935028076
18,3.3055360317230225
18,3.163264036178589
18,3.4403839111328125
18,4.8291521072387695
18,5.129759788513184
18,3.427903890609741
18,3.829184055328369
18,3.6046080589294434
18,7.413311958312988
18,8.222880363464355
18,10.580703735351562
18,7.774303913116455
18,8.9519681930542
18,3.7398719787597656
18,8.591839790344238
18,4.7954559326171875
18,4.351071834564209
18,3.5507519245147705
18,4.3500800132751465
18,3.6604480743408203
18,13.483872413635254
18,7.3848958015441895
18,3.8871359825134277
18,9.191424369812012
18,3.50435209274292
18,3.4785280227661133
18,3.56713604927063
18,3.4691200256347656
18,3.194272041320801
18,3.2724480628967285
18,3.672895908355713
18,3.3552000522613525
18,2.917311906814575
18,3.313823938369751
18,3.3647680282592773
18,3.6403520107269287
18,3.396575927734375
18,3.6313600540161133
18,3.2389440536499023
18,3.4187519550323486
18,3.508512020111084
18,3.1453440189361572
18,3.6929919719696045
18,3.2198081016540527
18,3.3547840118408203
18,3.3545279502868652
18,4.75548791885376
18,3.5804800987243652
18,2.973695993423462
18,3.716671943664551
18,3.85263991355896
18,3.4309120178222656
18,4.166624069213867
18,3.4586238861083984
18,10.15340805053711
18,3.5974719524383545
18,3.4289278984069824
18,4.073567867279053
18,3.321887969970703
18,2.930975914001465
18,3.4823999404907227
18,3.373120069503784
18,3.3570239543914795
18,3.315903902053833
18,3.864896059036255
18,8.457504272460938
18,3.3251841068267822
18,3.3763198852539062
18,4.053215980529785
18,5.162591934204102
18,3.310688018798828
18,3.309664011001587
18,3.408735990524292
18,3.362783908843994
18,3.249216079711914
18,3.9977920055389404
18,3.466655969619751
18,4.657120227813721
18,3.8118081092834473
18,2.9116480350494385
18,3.5813119411468506
18,3.3231680393218994
18,3.586656093597412
18,4.146880149841309
18,3.610368013381958
18,3.525376081466675
18,3.235071897506714
18,3.502336025238037
18,4.855423927307129
18,3.4808640480041504
18,3.216576099395752
18,3.384160041809082
18,2.9805760383605957
18,3.2445120811462402
18,9.408767700195312
18,3.4344959259033203
18,6.670400142669678
18,11.196831703186035
18,5.343103885650635
18,7.433856010437012
18,4.429952144622803
18,7.0200958251953125
18,4.384607791900635
18,3.602720022201538
18,10.983072280883789
18,7.749792098999023
18,3.3508479595184326
18,4.053760051727295
18,11.874367713928223
18,3.682015895843506
18,3.8044159412384033
18,11.300127983093262
18,3.417248010635376
18,3.30403208732605
18,3.537503957748413
18,3.392416000366211
18,3.443808078765869
18,4.38259220123291
18,3.5790719985961914
18,5.929440021514893
18,3.5281600952148438
18,3.9265599250793457
18,3.3299200534820557
18,3.3739840984344482
18,3.6800639629364014
18,6.655648231506348
18,3.6655681133270264
18,3.279103994369507
18,3.489824056625366
18,3.424288034439087
18,3.3435840606689453
18,11.321887969970703
18,5.859039783477783
18,3.3314878940582275
18,3.8667519092559814
18,3.7832000255584717
18,3.4781761169433594
18,3.1545279026031494
18,3.4403839111328125
18,3.5452799797058105
18,3.4233601093292236
18,6.510528087615967
18,3.583103895187378
18,9.397855758666992
18,4.647039890289307
19,3.365600109100342
19,4.112959861755371
19,3.373408079147339
19,12.378496170043945
19,13.72652816772461
19,3.3782401084899902
19,3.4918720722198486
19,3.431583881378174
19,3.2436161041259766
19,3.3965439796447754
19,3.888511896133423
19,3.1702399253845215
19,4.012800216674805
19,3.8724799156188965
19,10.454208374023438
19,3.2130239009857178
19,3.338239908218384
19,10.31606388092041
19,3.4407999515533447
19,3.460383892059326
19,5.254079818725586
19,3.598720073699951
19,3.4365439414978027
19,3.4596478939056396
19,10.305919647216797
19,3.4231040477752686
19,3.5270400047302246
19,3.5990400314331055
19,2.8815040588378906
19,3.3646719455718994
19,3.4846720695495605
19,3.1982719898223877
19,3.542623996734619
19,9.959327697753906
19,4.672895908355713
19,2.872767925262451
19,4.01254415512085
19,3.400991916656494
19,4.988639831542969
19,3.612895965576172
19,10.487744331359863
19,5.103616237640381
19,10.24608039855957
19,4.406623840332031
19,3.2843520641326904
19,4.150303840637207
19,7.304351806640625
19,7.0959038734436035
19,3.5032958984375
19,3.5728960037231445
19,3.3476479053497314
19,3.3059520721435547
19,9.014752388000488
19,3.313632011413574
19,4.769279956817627
19,3.6013760566711426
19,6.640192031860352
19,3.3869760036468506
19,3.386240005493164
19,3.54585599899292
19,3.4724481105804443
19,3.4884800910949707
19,3.1242880821228027
19,8.904704093933105
19,3.471679925918579
19,3.598112106323242
19,3.3680319786071777
19,3.401087999343872
19,3.321216106414795
19,3.516256093978882
19,3.5523200035095215
19,10.703071594238281
19,3.2561280727386475
19,3.4478399753570557
19,3.0687038898468018
19,3.5492799282073975
19,3.1368000507354736
19,4.237120151519775
19,3.9118399620056152
19,3.687135934829712
19,7.905151844024658
19,9.53551959991455
19,7.5905280113220215
19,3.390079975128174
19,3.0178558826446533
19,4.069888114929199
19,3.9518721103668213
19,3.707200050354004
19,3.6051840782165527
19,3.1424319744110107
19,3.9611198902130127
19,7.9740800857543945
19,3.483328104019165
19,4.61027193069458
19,4.653503894805908
19,3.515199899673462
19,3.4991040229797363
19,3.4227840900421143
19,3.0432000160217285
19,3.396415948867798
19,3.6766719818115234
19,4.035359859466553
19,3.4958078861236572
19,2.906559944152832
19,3.7164480686187744
19,3.3506240844726562
19,8.371711730957031
19,4.755360126495361
19,4.7933759689331055
19,3.863840103149414
19,3.600640058517456
19,3.5310399532318115
19,3.67574405670166
19,8.996959686279297
19,3.298367977142334
19,3.4211199283599854
19,3.288800001144409
19,3.417407989501953
19,10.343232154846191
19,3.617856025695801
19,3.4218239784240723
19,3.0951359272003174
19,6.988351821899414
19,7.397696018218994
19,3.5034561157226562
19,3.7349441051483154
19,10.566271781921387
19,10.261088371276855
19,3.437983989715576
19,8.584223747253418
19,3.4958720207214355
19,3.2446401119232178
19,11.253312110900879
19,5.450496196746826
19,10.594752311706543
19,6.883296012878418
19,5.764224052429199
19,6.147264003753662
19,10.55401611328125
19,19.61907196044922
19,5.0603837966918945
19,3.554687976837158
19,15.398847579956055
19,3.8511040210723877
19,3.4541759490966797
19,3.7025279998779297
19,3.4254720211029053
19,3.584320068359375
19,3.242719888687134
19,4.2890238761901855
19,3.1641600131988525
19,4.930560111999512
19,3.203104019165039
19,3.4179201126098633
19,11.898207664489746
19,3.4992001056671143
19,5.246431827545166
19,3.326591968536377
19,3.2828800678253174
19,3.378783941268921
19,3.329087972640991
19,3.312191963195801
19,3.569727897644043
19,3.2279679775238037
19,3.6315200328826904
19,3.237056016921997
19,3.556288003921509
19,12.582464218139648
19,9.01478385925293
19,3.318527936935425
19,3.2429440021514893
19,12.158623695373535
19,3.3974719047546387
19,3.208928108215332
19,3.4430079460144043
19,4.318016052246094
19,3.4770240783691406
19,2.8696320056915283
19,3.8215041160583496
19,11.382944107055664
19,3.9194560050964355
19,6.716224193572998
19,4.336832046508789
19,3.798271894454956
19,10.454336166381836
19,4.099167823791504
19,3.8071680068969727
19,3.5079360008239746
19,3.2781760692596436
19,9.215935707092285
19,3.3905279636383057
19,3.4359679222106934
19,3.4243199825286865
19,3.3268799781799316
19,3.6983680725097656
19,6.50054407119751
